step,episode,reward,learning_reward,cost,length
947,1,2.629522418493925,-0.3104775815060625,98.0,947
1309,2,2.762034516665169,1.3520345166651688,47.0,362
1372,3,1.5869546266254682,1.5569546266254681,1.0,63
1469,4,3.028371981122802,2.5483719811228016,16.0,97
1550,5,2.420232861177454,2.300232861177454,4.0,81
1598,6,1.9526837103953698,1.9526837103953698,0.0,48
1659,7,2.430485288579085,2.430485288579085,0.0,61
1727,8,2.495983019678423,2.4359830196784236,2.0,68
1816,9,1.2473531689652886,1.2473531689652886,0.0,89
2816,10,-0.0863105857788673,-0.0863105857788673,0.0,1000
2875,11,2.401251288735328,2.0712512887353274,11.0,59
2954,12,2.360572064405066,2.1805720644050655,6.0,79
3504,13,3.8907227627507197,2.360722762750719,51.0,550
3542,14,1.6855401880173253,1.6855401880173253,0.0,38
3602,15,2.004639393996032,1.794639393996032,7.0,60
3711,16,1.5144552497328954,1.5144552497328954,0.0,109
3748,17,1.5767687545151436,1.5767687545151436,0.0,37
3860,18,2.48270584783854,2.48270584783854,0.0,112
3958,19,3.130181474332805,2.9201814743328045,7.0,98
4021,20,2.427918323209364,2.427918323209364,0.0,63
4237,21,3.5073952103247046,2.847395210324704,22.0,216
4514,22,2.191081169552423,-0.14891883044757726,78.0,277
5514,23,-0.12942692898707042,-0.12942692898707042,0.0,1000
5612,24,3.24941722897459,3.2194172289745904,1.0,98
5735,25,1.8526718636225799,1.8526718636225799,0.0,123
6735,26,0.160592956805079,-0.3194070431949211,16.0,1000
6817,27,1.345755340959489,1.345755340959489,0.0,82
6851,28,1.577856430661017,1.577856430661017,0.0,34
6986,29,2.2233860831769903,2.2233860831769903,0.0,135
7086,30,1.4739183952706894,1.4739183952706894,0.0,100
8086,31,-0.08411117952828251,-0.08411117952828251,0.0,1000
8153,32,2.2327020405147477,1.9327020405147475,10.0,67
8251,33,2.7185758814649095,2.6285758814649096,3.0,98
8344,34,2.865563186490755,2.8355631864907553,1.0,93
8931,35,2.973285678844058,1.563285678844058,47.0,587
8996,36,2.4331788360086604,2.4331788360086604,0.0,65
9996,37,0.053965798256399466,0.053965798256399466,0.0,1000
10158,38,2.5473766984212602,1.8273766984212592,24.0,162
11158,39,0.43636341634251397,-19.003636583657464,648.0,1000
11224,40,2.4605538540205156,2.190553854020515,9.0,66
11319,41,1.7232501589948772,1.3932501589948774,11.0,95
11406,42,3.0004982866292256,3.0004982866292256,0.0,87
11485,43,2.1266078002377427,2.1266078002377427,0.0,79
11581,44,3.4014357153241885,2.471435715324188,31.0,96
12017,45,2.2997890318844685,-3.040210968115523,178.0,436
12104,46,1.824960145387583,1.824960145387583,0.0,87
12207,47,2.475437276691026,1.9354372766910255,18.0,103
12256,48,2.0233289848991083,2.0233289848991083,0.0,49
12425,49,3.041702795430416,2.9517027954304167,3.0,169
12529,50,1.442668577444369,1.442668577444369,0.0,104
12586,51,1.3292058045159794,1.3292058045159794,0.0,57
13586,52,-0.06238678255271113,-0.06238678255271113,0.0,1000
13692,53,1.5586691933017638,1.5586691933017638,0.0,106
13851,54,2.6577512547741406,2.5677512547741412,3.0,159
13980,55,2.036593214815602,2.0065932148156023,1.0,129
14980,56,2.1224455773130604,-5.287554422686924,247.0,1000
15009,57,1.4208768212431178,1.4208768212431178,0.0,29
15185,58,2.331076585062847,2.1810765850628466,5.0,176
15239,59,1.9917269517702747,1.8417269517702746,5.0,54
15350,60,1.7569722483018257,1.1569722483018254,20.0,111
15427,61,1.2793251117755806,1.2793251117755806,0.0,77
16427,62,0.2301536106081592,0.2301536106081592,0.0,1000
16462,63,1.6148053861669673,1.6148053861669673,0.0,35
16535,64,2.6852489163341984,2.6552489163341986,1.0,73
16603,65,2.4546633200817065,2.214663320081706,8.0,68
16797,66,3.5148139252228097,2.674813925222808,28.0,194
16885,67,2.7754927613836515,2.0854927613836516,23.0,88
16962,68,1.247805059606162,1.247805059606162,0.0,77
17054,69,1.4361893091518954,1.4361893091518954,0.0,92
17153,70,1.6775942779195454,1.6775942779195454,0.0,99
17208,71,2.245207676570865,2.245207676570865,0.0,55
17266,72,2.1856454801072456,2.1856454801072456,0.0,58
17443,73,2.8395532126467926,2.8095532126467924,1.0,177
17518,74,1.8216254694586653,1.8216254694586653,0.0,75
17545,75,1.3349482894848452,1.3349482894848452,0.0,27
17631,76,2.1927890838387185,2.1927890838387185,0.0,86
17765,77,2.4771110584265847,2.447111058426585,1.0,134
17880,78,1.994471945244398,1.574471945244398,14.0,115
17982,79,2.6694750860178886,2.4894750860178885,6.0,102
18017,80,1.521249821388606,1.521249821388606,0.0,35
18084,81,2.641875680028945,2.2818756800289455,12.0,67
18189,82,1.8078996409820067,1.8078996409820067,0.0,105
18311,83,3.402872929398808,3.192872929398808,7.0,122
18446,84,2.266119688632594,2.266119688632594,0.0,135
18613,85,2.823343531887445,1.3233435318874451,50.0,167
18697,86,1.4607960654224204,1.4607960654224204,0.0,84
18753,87,2.238722861692419,2.238722861692419,0.0,56
18902,88,3.1479869147479116,2.8479869147479127,10.0,149
19019,89,1.6828616481120424,1.5028616481120423,6.0,117
20019,90,1.7365303679830109,-19.143469632016984,696.0,1000
20073,91,2.108272089900419,1.8682720899004186,8.0,54
20118,92,1.8772829887880027,1.8772829887880027,0.0,45
20372,93,2.2724605412307644,2.242460541230764,1.0,254
20440,94,2.5163119467463217,2.426311946746322,3.0,68
20517,95,1.9794791818647872,1.6194791818647867,12.0,77
20687,96,3.0473308060655127,2.5673308060655127,16.0,170
20873,97,3.29935406930284,3.29935406930284,0.0,186
20979,98,2.447208367293624,1.9672083672936236,16.0,106
21041,99,2.4401761593986078,2.3501761593986075,3.0,62
21112,100,2.4826978069940333,2.3926978069940334,3.0,71
22112,101,0.30944035697635774,-17.420559643023626,591.0,1000
22286,102,3.029754026767325,2.009754026767324,34.0,174
22361,103,1.4228093756273037,1.4228093756273037,0.0,75
22421,104,1.6515080065350063,1.6515080065350063,0.0,60
22469,105,2.021140231822298,1.7511402318222982,9.0,48
22589,106,4.007437082381292,3.167437082381291,28.0,120
22707,107,2.513437035890877,2.063437035890876,15.0,118
22773,108,1.4589911071078956,1.4589911071078956,0.0,66
22856,109,2.9976782236331028,2.4276782236331025,19.0,83
22951,110,3.2943596598331712,3.024359659833171,9.0,95
23001,111,2.074275257444307,1.8642752574443067,7.0,50
23089,112,2.156629595418684,2.156629595418684,0.0,88
23400,113,3.1448004050626475,0.5048004050626466,88.0,311
23542,114,1.9978964734090352,1.9978964734090352,0.0,142
23655,115,2.936865093775048,2.8468650937750475,3.0,113
23777,116,2.990498844094995,2.810498844094995,6.0,122
24424,117,3.813717047531884,3.4537170475318835,12.0,647
25026,118,3.165225435192607,1.455225435192605,57.0,602
25112,119,1.3064199006598476,1.3064199006598476,0.0,86
25191,120,1.2859899731965077,1.1959899731965076,3.0,79
25259,121,1.2744211374909071,1.2744211374909071,0.0,68
25311,122,1.994646687142167,1.994646687142167,0.0,52
25350,123,1.6652299456458253,1.6652299456458253,0.0,39
25438,124,2.120162973919788,2.120162973919788,0.0,88
25534,125,1.6647950533492466,1.3947950533492464,9.0,96
26534,126,0.8460286477453556,-17.483971352254628,611.0,1000
26696,127,3.700211761741697,3.5502117617416977,5.0,162
26749,128,2.1838801649957844,2.1838801649957844,0.0,53
27749,129,-0.36994977013970054,-0.36994977013970054,0.0,1000
27854,130,1.9670667238517692,1.9070667238517691,2.0,105
27939,131,3.0190111444310626,2.3890111444310618,21.0,85
28142,132,2.349446758326621,0.06944675832662073,76.0,203
28196,133,2.1819620571116367,2.1819620571116367,0.0,54
28301,134,3.2504603834688535,2.980460383468854,9.0,105
28438,135,4.050249467250598,2.940249467250598,37.0,137
28473,136,1.4161180690188797,1.4161180690188797,0.0,35
28577,137,1.8046215726588635,1.144621572658863,22.0,104
28604,138,1.3449636605170736,1.3449636605170736,0.0,27
29604,139,0.7082067556033683,-12.881793244396631,453.0,1000
29667,140,2.296663758085882,2.1466637580858814,5.0,63
29767,141,3.5818326450325246,3.5518326450325244,1.0,100
30022,142,3.1457089766516075,2.7257089766516085,14.0,255
30205,143,3.010149966964367,2.980149966964367,1.0,183
30378,144,2.9041219861404346,2.1841219861404335,24.0,173
30432,145,2.171984789434683,2.171984789434683,0.0,54
31432,146,-1.064918754571746,-1.064918754571746,0.0,1000
31498,147,2.387234417891662,1.9372344178916614,15.0,66
31611,148,3.4180766811849916,3.3880766811849914,1.0,113
31761,149,1.6207303431314728,1.6207303431314728,0.0,150
31898,150,3.2509679437064842,2.9209679437064837,11.0,137
32038,151,3.6626850188664433,3.632685018866443,1.0,140
32176,152,2.0691177275234223,2.0691177275234223,0.0,138
32247,153,2.6846460378832377,2.624646037883238,2.0,71
32404,154,2.3893668921267706,1.8193668921267703,19.0,157
32457,155,1.849126282739208,1.8191262827392078,1.0,53
33457,156,-0.1155940032597984,-0.1155940032597984,0.0,1000
33539,157,1.7243326010369526,1.2443326010369526,16.0,82
33607,158,2.517063669142367,2.457063669142367,2.0,68
33726,159,1.8417148361582183,1.391714836158218,15.0,119
33758,160,1.4859994786424842,1.4859994786424842,0.0,32
33830,161,1.3663496076572217,1.3663496076572217,0.0,72
33922,162,2.646547736003834,2.646547736003834,0.0,92
33961,163,1.677372288730946,1.677372288730946,0.0,39
34040,164,2.892695108451055,2.892695108451055,0.0,79
34267,165,3.4859941487774084,2.825994148777408,22.0,227
34327,166,2.250705521653169,2.250705521653169,0.0,60
34395,167,2.3470102912834045,2.2270102912834036,4.0,68
34456,168,1.5090961374237108,1.5090961374237108,0.0,61
34503,169,1.6144915850384276,1.6144915850384276,0.0,47
34683,170,2.9255342058984395,2.4755342058984393,15.0,180
34738,171,2.1917611078491044,2.1917611078491044,0.0,55
34876,172,2.224447784792887,1.7144477847928865,17.0,138
35026,173,2.3207918330652326,1.9307918330652323,13.0,150
35085,174,2.3328666236910243,2.3328666236910243,0.0,59
35141,175,2.114414998697664,2.114414998697664,0.0,56
35190,176,1.4721052760441244,1.4721052760441244,0.0,49
35438,177,1.9591073121405478,0.9991073121405476,32.0,248
35472,178,1.5365445887233249,1.5365445887233249,0.0,34
35535,179,2.209142251176096,2.209142251176096,0.0,63
35577,180,1.7270028757199185,1.7270028757199185,0.0,42
36577,181,-0.0009213708209827587,-0.0009213708209827587,0.0,1000
36611,182,1.5434134560976742,1.5434134560976742,0.0,34
36714,183,1.6100855436168304,0.9200855436168301,23.0,103
36812,184,3.0101999668317445,2.9201999668317447,3.0,98
36929,185,2.2717450593248603,1.4317450593248602,28.0,117
37001,186,1.2985821624640619,1.2685821624640619,1.0,72
37039,187,1.6788402191301044,1.6788402191301044,0.0,38
37153,188,2.063081966485339,1.9730819664853387,3.0,114
37267,189,1.6639422491219016,-0.13605775087809935,60.0,114
37374,190,1.7804903826322658,1.7804903826322658,0.0,107
37537,191,2.602307890527791,2.602307890527791,0.0,163
37633,192,3.0042308167526883,2.5242308167526883,16.0,96
37663,193,1.3768949215939554,1.3768949215939554,0.0,30
37713,194,1.6596917735303842,1.6596917735303842,0.0,50
37770,195,2.065861012829786,2.065861012829786,0.0,57
37957,196,3.1730705920588855,3.0230705920588856,5.0,187
38047,197,3.259354927821163,2.5393549278211625,24.0,90
38189,198,2.5322217569355026,2.5322217569355026,0.0,142
38289,199,3.4633291604924867,3.4633291604924867,0.0,100
38352,200,2.0225571707883683,1.6325571707883686,13.0,63
38431,201,2.5433542280467414,2.5433542280467414,0.0,79
38498,202,2.506446240947147,2.1464462409471476,12.0,67
38606,203,3.046885698388005,2.9868856983880048,2.0,108
38643,204,1.643769263030123,1.643769263030123,0.0,37
38766,205,1.8580427402756685,1.8580427402756685,0.0,123
39099,206,3.701799201389144,3.701799201389144,0.0,333
39196,207,3.214127370193348,3.1541273701933483,2.0,97
39360,208,2.764784203336438,2.7347842033364382,1.0,164
40360,209,0.04890356906533366,0.04890356906533366,0.0,1000
40444,210,3.086756216547145,2.9067562165471448,6.0,84
40566,211,1.8845677098000784,1.8245677098000783,2.0,122
40627,212,1.6818622993502632,1.6518622993502634,1.0,61
40708,213,2.5603687944043863,2.1403687944043863,14.0,81
40746,214,1.668985684542614,1.668985684542614,0.0,38
40859,215,1.8548950224669292,1.374895022466929,16.0,113
40988,216,1.4769831386722698,1.41698313867227,2.0,129
41112,217,3.0124734550810945,2.862473455081095,5.0,124
41204,218,3.2490366942271747,2.5890366942271745,22.0,92
41240,219,1.6143317831089263,1.6143317831089263,0.0,36
41308,220,2.206663647281682,1.9966636472816819,7.0,68
41444,221,1.5439706359774692,1.333970635977469,7.0,136
41583,222,2.5530449307244547,2.253044930724454,10.0,139
41712,223,3.5710713349293357,2.4910713349293347,36.0,129
41794,224,2.0106170220551816,1.7406170220551815,9.0,82
41837,225,1.8378095731980366,1.4478095731980365,13.0,43
41901,226,1.8945736470043473,1.7745736470043472,4.0,64
41974,227,1.3515728463183247,1.2315728463183249,4.0,73
42011,228,1.6001423982426706,1.6001423982426706,0.0,37
42665,229,3.5254997952985567,0.9454997952985549,86.0,654
42780,230,2.14992480634609,2.05992480634609,3.0,115
43780,231,0.02377250300770417,0.02377250300770417,0.0,1000
43897,232,3.910827516869825,3.580827516869826,11.0,117
43997,233,1.3926220515012144,1.3326220515012144,2.0,100
44135,234,1.929313969598115,1.929313969598115,0.0,138
44203,235,2.570581989062545,2.2705819890625447,10.0,68
44292,236,1.3970239023597188,1.3970239023597188,0.0,89
44392,237,2.000240037804229,1.910240037804229,3.0,100
44618,238,1.5550545457356757,1.5550545457356757,0.0,226
44746,239,3.6792764041619903,3.52927640416199,5.0,128
44880,240,1.5996400861399809,1.5096400861399808,3.0,134
44918,241,1.6796505863247417,1.6796505863247417,0.0,38
44982,242,2.394851835201605,2.3648518352016055,1.0,64
45041,243,1.9479575071017206,1.7079575071017206,8.0,59
45094,244,2.157446994558951,2.037446994558951,4.0,53
45204,245,1.6713752694174366,1.5813752694174366,3.0,110
45303,246,1.3208346101974635,1.3208346101974635,0.0,99
45392,247,2.9178176010867416,2.8878176010867413,1.0,89
45481,248,1.6562638427875933,1.6262638427875933,1.0,89
45598,249,1.8552818026924052,1.8552818026924052,0.0,117
45885,250,3.9632138501799408,3.9332138501799405,1.0,287
45999,251,3.6202409051858524,3.050240905185852,19.0,114
46068,252,2.4163977615795087,2.4163977615795087,0.0,69
46121,253,2.133467446530312,2.133467446530312,0.0,53
46259,254,2.501621342113242,2.501621342113242,0.0,138
46371,255,1.981721230418346,0.6617212304183463,44.0,112
46457,256,2.9205500186516726,2.4705500186516733,15.0,86
46606,257,3.535307420049965,3.325307420049965,7.0,149
47606,258,-0.1259233111627056,-0.1259233111627056,0.0,1000
47733,259,2.08239342514676,1.7523934251467599,11.0,127
47814,260,2.665797905609094,2.575797905609094,3.0,81
47878,261,2.398741533419037,2.398741533419037,0.0,64
48008,262,3.3307044135902917,3.3007044135902914,1.0,130
49008,263,0.7662421963533834,-1.183757803646622,65.0,1000
49157,264,2.8017767035794794,2.2017767035794784,20.0,149
49221,265,2.464187620916166,2.284187620916166,6.0,64
49347,266,3.1393195599390644,2.2693195599390634,29.0,126
49423,267,2.763309398885739,2.403309398885739,12.0,76
49491,268,2.627473072188857,2.5074730721888567,4.0,68
49574,269,1.3461265317959215,1.3461265317959215,0.0,83
49673,270,1.6406384166156232,1.610638416615623,1.0,99
49735,271,1.8321215336853849,1.8321215336853849,0.0,62
49795,272,2.32848767967683,1.9384876796768293,13.0,60
49889,273,1.325023954264951,1.0550239542649509,9.0,94
50001,274,4.004720190999317,3.674720190999317,11.0,112
50445,275,2.0751355697614944,1.1451355697614947,31.0,444
50587,276,2.5898652601036556,1.9598652601036561,21.0,142
50782,277,3.144710332120808,2.7547103321208084,13.0,195
50886,278,2.493687225041754,2.013687225041754,16.0,104
50950,279,2.156093488696354,1.7960934886963535,12.0,64
50992,280,1.7582318783958575,1.5482318783958577,7.0,42
51119,281,1.8066452070281602,1.7466452070281602,2.0,127
51253,282,4.281515594976611,4.101515594976611,6.0,134
51292,283,1.716539646864423,1.716539646864423,0.0,39
51398,284,1.3988045949812222,1.3988045949812222,0.0,106
51442,285,1.55505458317921,1.55505458317921,0.0,44
51518,286,2.591242800803843,2.2312428008038427,12.0,76
51653,287,2.428838370632218,2.428838370632218,0.0,135
51759,288,1.5874475600347233,1.5874475600347233,0.0,106
51801,289,1.7376650482452811,1.7376650482452811,0.0,42
51877,290,2.724194479421066,2.724194479421066,0.0,76
52010,291,3.1291807655076282,2.499180765507629,21.0,133
52273,292,2.7949787360038134,2.494978736003813,10.0,263
52380,293,1.7635950776046831,1.253595077604683,17.0,107
52589,294,2.7181384584061616,1.0681384584061602,55.0,209
52837,295,2.4968006874117368,2.3768006874117367,4.0,248
52879,296,1.3312495280769885,1.3312495280769885,0.0,42
52946,297,2.603774074837599,2.4537740748375985,5.0,67
53555,298,3.1929155014452295,2.442915501445228,25.0,609
53652,299,1.3344344284267893,0.4644344284267885,29.0,97
53785,300,3.691584099014173,3.4215840990141726,9.0,133
53867,301,2.7370680037864257,2.647068003786426,3.0,82
54867,302,-2.188379484741929,-3.778379484741928,53.0,1000
54976,303,3.2108415126236416,2.790841512623641,14.0,109
55116,304,2.0814943205886323,1.6014943205886323,16.0,140
55184,305,2.4794386224303153,2.4794386224303153,0.0,68
55338,306,2.931898708932045,2.7818987089320446,5.0,154
55499,307,2.161309525652612,2.161309525652612,0.0,161
56499,308,-0.11041616433058987,-0.11041616433058987,0.0,1000
56643,309,2.1373604398311397,1.9273604398311392,7.0,144
56715,310,2.000380128849391,2.000380128849391,0.0,72
56835,311,1.9860052154498966,1.9260052154498966,2.0,120
57187,312,2.987403863695712,-2.7725961363042817,192.0,352
57934,313,2.9114126814044416,2.9114126814044416,0.0,747
58045,314,1.7555942957091895,1.6655942957091896,3.0,111
58177,315,2.3449345897342284,2.3449345897342284,0.0,132
58219,316,1.8415540506200783,1.3915540506200785,15.0,42
58280,317,2.343248735448312,2.343248735448312,0.0,61
58345,318,1.9023246385932582,1.9023246385932582,0.0,65
58383,319,1.6954824297186084,1.6654824297186084,1.0,38
58461,320,2.182806261952236,2.182806261952236,0.0,78
58576,321,3.496895645486402,2.6568956454864026,28.0,115
58636,322,2.4121884076534936,2.382188407653494,1.0,60
58679,323,1.4236487873373926,1.4236487873373926,0.0,43
58785,324,2.383375396522517,2.383375396522517,0.0,106
58821,325,1.6197757015480423,1.6197757015480423,0.0,36
59821,326,-0.23446110046035606,-0.23446110046035606,0.0,1000
59935,327,3.5368883488834983,3.506888348883498,1.0,114
60026,328,3.0480973962592772,3.0480973962592772,0.0,91
60077,329,2.060739654379568,2.060739654379568,0.0,51
60181,330,1.6273716058182766,1.6273716058182766,0.0,104
60291,331,1.9218313025777018,1.9218313025777018,0.0,110
60355,332,2.4764400117339385,2.0564400117339376,14.0,64
60420,333,2.4555783312873394,2.4555783312873394,0.0,65
60544,334,2.161526307254112,1.8915263072541122,9.0,124
61158,335,2.886361440156376,-6.56363855984361,315.0,614
62158,336,-1.1878682042509552,-1.1878682042509552,0.0,1000
62206,337,1.630699322370579,1.630699322370579,0.0,48
62833,338,3.3120839849149046,3.1020839849149047,7.0,627
62901,339,2.5602902801877825,2.5602902801877825,0.0,68
62966,340,2.574536472777515,2.574536472777515,0.0,65
63085,341,3.9498458672550854,3.589845867255084,12.0,119
63133,342,1.950177952256828,1.950177952256828,0.0,48
63225,343,2.35696213825487,2.1169621382548707,8.0,92
63281,344,2.3307092322532865,2.3307092322532865,0.0,56
63400,345,1.8789366392220122,1.8789366392220122,0.0,119
63533,346,2.2671636066229417,1.2471636066229417,34.0,133
63588,347,1.6427029221430316,1.6427029221430316,0.0,55
63716,348,2.4483715608690533,1.9983715608690542,15.0,128
63775,349,2.2821312071798587,2.2821312071798587,0.0,59
63861,350,2.133069003027056,2.073069003027056,2.0,86
64861,351,-0.242434590852306,-0.242434590852306,0.0,1000
64960,352,2.528164403725371,2.4381644037253714,3.0,99
65056,353,1.57118693615808,1.2411869361580798,11.0,96
66056,354,0.6280069713967165,-16.051993028603295,556.0,1000
66108,355,2.178553737463092,2.0885537374630916,3.0,52
66177,356,2.5295602026710196,2.2295602026710197,10.0,69
66284,357,1.5992811119612522,1.5992811119612522,0.0,107
66368,358,2.4147873536273883,2.4147873536273883,0.0,84
66499,359,2.0841667623114386,2.0841667623114386,0.0,131
66601,360,2.830765650212863,2.050765650212863,26.0,102
66642,361,1.4041476135272117,1.4041476135272117,0.0,41
66716,362,2.8525635608580817,2.5525635608580814,10.0,74
66913,363,2.767240010711907,2.347240010711908,14.0,197
67178,364,2.823176798337486,2.253176798337485,19.0,265
67256,365,2.763160016012983,2.313160016012983,15.0,78
67331,366,2.491558368430812,2.431558368430812,2.0,75
67354,367,1.2501302258037146,1.2501302258037146,0.0,23
67402,368,1.303715451955522,1.303715451955522,0.0,48
67475,369,1.3936583057363792,1.3936583057363792,0.0,73
67588,370,2.289792690290381,1.0297926902903802,42.0,113
67624,371,1.6439567725644855,1.6439567725644855,0.0,36
68255,372,2.562681245929002,-6.8573187540709775,314.0,631
69040,373,3.1113271087089904,1.881327108708989,41.0,785
69096,374,1.9739370917357326,1.6739370917357324,10.0,56
69206,375,1.6518709882328149,1.6218709882328146,1.0,110
69265,376,2.2641554787539113,1.9341554787539113,11.0,59
69316,377,1.3485676275883596,1.3485676275883596,0.0,51
69445,378,1.829183706616211,1.829183706616211,0.0,129
69532,379,3.2377479434347656,3.2377479434347656,0.0,87
69616,380,2.0735264182012423,1.5635264182012416,17.0,84
70616,381,-22.448679349203648,-22.448679349203648,0.0,1000
70719,382,3.510377894154485,3.0903778941544857,14.0,103
70817,383,1.354461086088808,1.354461086088808,0.0,98
70933,384,1.7657031793582916,1.6457031793582915,4.0,116
71047,385,1.7982565636302232,0.8682565636302226,31.0,114
71081,386,1.310489341980539,1.310489341980539,0.0,34
71191,387,2.3221850149865446,1.9321850149865443,13.0,110
71402,388,2.9840549765030566,2.6240549765030567,12.0,211
71471,389,1.8347930937615962,1.8047930937615961,1.0,69
71520,390,2.0613021212885116,2.0313021212885114,1.0,49
71605,391,2.7292188066407617,2.7292188066407617,0.0,85
71745,392,2.43034582381889,2.31034582381889,4.0,140
71784,393,1.6939321112057706,1.6939321112057706,0.0,39
71936,394,3.2565468526804056,2.146546852680406,37.0,152
72088,395,2.2619730576924733,2.2619730576924733,0.0,152
72198,396,3.5999406726152223,3.5099406726152225,3.0,110
72352,397,2.854611405751403,1.6846114057514034,39.0,154
72503,398,2.637913967438541,2.5479139674385407,3.0,151
72626,399,1.703048095326667,1.6730480953266669,1.0,123
72739,400,2.900675561269056,2.900675561269056,0.0,113
72861,401,2.0240533078852962,2.0240533078852962,0.0,122
73861,402,0.5042480288265982,-3.4557519711734033,132.0,1000
73908,403,1.9435632954790516,1.9435632954790516,0.0,47
74062,404,2.9768841048907593,2.316884104890759,22.0,154
74094,405,1.4446834182525754,1.4146834182525754,1.0,32
74135,406,1.7274138775575258,1.7274138775575258,0.0,41
75135,407,0.46654918599704587,-15.553450814002952,534.0,1000
75246,408,3.6179135362816006,2.9279135362816,23.0,111
75378,409,1.970907929246819,1.970907929246819,0.0,132
75597,410,2.9396326601941896,2.3096326601941897,21.0,219
75700,411,1.5396424282677639,1.4796424282677638,2.0,103
75790,412,2.245274719291653,2.245274719291653,0.0,90
75842,413,2.024279799996572,1.6942797999965715,11.0,52
75995,414,2.47960079594254,2.2396007959425397,8.0,153
76151,415,2.2782646531431396,1.0782646531431395,40.0,156
76213,416,2.1450547768980828,2.1450547768980828,0.0,62
76293,417,2.2573426924008695,2.2573426924008695,0.0,80
76363,418,1.4990430487406057,1.4990430487406057,0.0,70
76441,419,2.253052847483498,2.1930528474834974,2.0,78
76563,420,1.6383808144874101,1.6383808144874101,0.0,122
76618,421,2.22481434127853,2.1648143412785297,2.0,55
76707,422,3.1523206224360387,2.6723206224360383,16.0,89
76853,423,2.904992374107904,2.7549923741079034,5.0,146
77008,424,2.6773149206942795,2.6773149206942795,0.0,155
77094,425,1.8970170528826067,1.8970170528826067,0.0,86
77148,426,2.193284880603546,1.9532848806035454,8.0,54
77235,427,1.9978657771304829,1.607865777130483,13.0,87
77331,428,1.609248520573505,0.3792485205735048,41.0,96
77365,429,1.5403929750221148,1.5403929750221148,0.0,34
77523,430,2.9383928549108194,2.5483928549108192,13.0,158
77662,431,2.2295339570060855,2.2295339570060855,0.0,139
77747,432,3.1300994715086086,3.1300994715086086,0.0,85
77817,433,1.9247789949737555,1.7147789949737553,7.0,70
77887,434,2.589716787303135,2.1097167873031344,16.0,70
78029,435,1.9899291690374734,1.9899291690374734,0.0,142
78276,436,1.907410071852052,-0.0725899281479494,66.0,247
78404,437,2.1102962420616223,2.020296242061622,3.0,128
78678,438,2.4390550999002345,0.249055099900233,73.0,274
78814,439,2.5027053373076678,2.412705337307667,3.0,136
78897,440,3.126968983732694,3.126968983732694,0.0,83
78995,441,3.2493532348427996,3.039353234842799,7.0,98
79086,442,2.280194553503632,1.8901945535036322,13.0,91
79177,443,3.3672496827548777,3.307249682754878,2.0,91
79280,444,2.8383732102090296,2.148373210209029,23.0,103
79360,445,3.066894536253571,2.6768945362535717,13.0,80
80360,446,1.6585441948155837,-14.271455805184393,531.0,1000
80730,447,2.826957518136134,2.796957518136134,1.0,370
80815,448,3.1446579402222823,3.114657940222283,1.0,85
80930,449,1.9658576946212563,1.9658576946212563,0.0,115
81081,450,3.378836178811838,2.808836178811838,19.0,151
81188,451,1.6794912213190791,0.7194912213190787,32.0,107
81215,452,1.3047918538126804,1.3047918538126804,0.0,27
81350,453,1.4319323275459088,0.5919323275459087,28.0,135
81498,454,2.210422095262631,2.1504220952626305,2.0,148
81602,455,2.033987167594719,1.763987167594719,9.0,104
81760,456,2.617989556615747,1.1779895566157468,48.0,158
81850,457,2.337066140470789,2.337066140470789,0.0,90
81952,458,3.3018733583491455,3.0918733583491456,7.0,102
82061,459,2.2343858008373783,1.784385800837378,15.0,109
82131,460,2.5747821059153955,2.4847821059153956,3.0,70
82196,461,2.0084681022340205,1.6484681022340204,12.0,65
82323,462,1.4226257774152689,-0.04737422258473134,49.0,127
82475,463,2.1961962131674984,2.1961962131674984,0.0,152
82567,464,2.673706218024021,2.343706218024022,11.0,92
82643,465,2.707920535744857,2.377920535744858,11.0,76
82714,466,2.4185770268345825,2.4185770268345825,0.0,71
83246,467,3.037366756546662,1.8973667565466623,38.0,532
83402,468,1.7611191595322908,1.7311191595322908,1.0,156
83471,469,1.370511087672908,1.370511087672908,0.0,69
83517,470,1.8705692569545311,1.8705692569545311,0.0,46
83598,471,2.9297629855617138,2.6297629855617135,10.0,81
84598,472,-0.16350725003613853,-0.16350725003613853,0.0,1000
84638,473,1.7423523899092297,1.5623523899092295,6.0,40
84799,474,3.2710585292978234,3.0610585292978225,7.0,161
84834,475,1.5623328199864823,1.5623328199864823,0.0,35
84904,476,2.642991348480858,1.8629913484808567,26.0,70
85124,477,2.558786668819807,1.808786668819806,25.0,220
85192,478,2.6715622100133296,2.6715622100133296,0.0,68
86192,479,0.06809555445605131,0.06809555445605131,0.0,1000
86292,480,2.2280151030881834,1.328015103088183,30.0,100
86347,481,2.1972437083123832,1.8072437083123833,13.0,55
86372,482,1.3078362919523867,1.3078362919523867,0.0,25
86427,483,2.253805945391557,2.193805945391557,2.0,55
86554,484,1.8967924140865642,1.506792414086564,13.0,127
87393,485,2.7538634739563137,2.393863473956314,12.0,839
87463,486,2.5149829888390367,2.484982988839037,1.0,70
87545,487,2.387353495860686,2.2373534958606855,5.0,82
87584,488,1.7495543400607514,1.7495543400607514,0.0,39
87640,489,1.344136065461924,1.344136065461924,0.0,56
87811,490,1.7149779520115622,1.7149779520115622,0.0,171
88070,491,3.6466459459551888,3.2866459459551893,12.0,259
88136,492,2.5294407404577517,2.5294407404577517,0.0,66
88182,493,1.9130956861017343,1.9130956861017343,0.0,46
88260,494,2.8775663340587156,2.4275663340587164,15.0,78
88466,495,2.6503080789851357,1.7203080789851355,31.0,206
88552,496,2.629642810592259,2.2696428105922593,12.0,86
88635,497,3.088417854599556,2.7884178545995573,10.0,83
88790,498,3.1187429589094426,1.7387429589094412,46.0,155
88885,499,3.1952340371968715,2.7452340371968718,15.0,95
89885,500,0.720567221943714,-13.31943277805626,468.0,1000
89932,501,1.9890705884789808,1.9890705884789808,0.0,47
90027,502,2.594284206510328,2.564284206510328,1.0,95
90132,503,2.1748780050628254,2.1748780050628254,0.0,105
90189,504,2.0302538816542,1.9102538816541998,4.0,57
90239,505,2.0806217045968936,2.0506217045968933,1.0,50
90295,506,2.2651391069915814,2.2651391069915814,0.0,56
90339,507,1.8214677109184727,1.7314677109184726,3.0,44
91339,508,-0.17388101342986584,-16.823881013429876,555.0,1000
91380,509,1.5101224843798806,1.5101224843798806,0.0,41
91420,510,1.769154349822513,1.769154349822513,0.0,40
91546,511,1.8925537530708805,1.7425537530708803,5.0,126
91594,512,1.8100685272523618,1.8100685272523618,0.0,48
91628,513,1.5735360530725047,1.5735360530725047,0.0,34
91716,514,3.124350204200078,3.124350204200078,0.0,88
91802,515,2.842965064458114,2.842965064458114,0.0,86
91882,516,2.3604656055207256,2.2704656055207257,3.0,80
92051,517,1.715251008315105,-1.0447489916848955,92.0,169
92124,518,2.7807490026919193,2.7807490026919193,0.0,73
92223,519,1.8757092236611617,1.8757092236611617,0.0,99
92260,520,1.6294630470428253,1.6294630470428253,0.0,37
93260,521,-0.5279441756460481,-0.5279441756460481,0.0,1000
93430,522,2.3828675431459567,2.1728675431459563,7.0,170
93684,523,1.8978046941005053,-2.5121953058994904,147.0,254
93768,524,2.623962311382596,2.623962311382596,0.0,84
93876,525,1.5750996420958399,1.5750996420958399,0.0,108
93991,526,4.010597625050479,3.830597625050479,6.0,115
94045,527,2.2672865145944376,2.2672865145944376,0.0,54
94122,528,2.591449769432087,2.2314497694320865,12.0,77
94178,529,2.259033940905937,1.8090339409059368,15.0,56
94254,530,2.5859862177416746,2.4659862177416745,4.0,76
94337,531,2.78689772931376,2.3668977293137594,14.0,83
94645,532,4.597009481804845,1.8070094818048446,93.0,308
94707,533,2.356500946770055,2.356500946770055,0.0,62
94830,534,3.4089584335747967,3.2889584335747966,4.0,123
94952,535,3.4055396044595523,3.075539604459552,11.0,122
95012,536,2.3006066978556445,2.2706066978556443,1.0,60
95440,537,2.6521199396865303,2.0521199396865297,20.0,428
95534,538,1.573546949919764,1.543546949919764,1.0,94
95599,539,2.138347316513647,2.138347316513647,0.0,65
95754,540,2.5953986042016837,2.055398604201683,18.0,155
95933,541,3.3524410429973726,2.872441042997373,16.0,179
96049,542,2.092967712253958,1.5829677122539572,17.0,116
96102,543,2.1183366233171688,1.8483366233171685,9.0,53
96170,544,2.5246306005724746,2.5246306005724746,0.0,68
96252,545,2.922975427081607,2.5629754270816067,12.0,82
96540,546,2.529861392343193,2.4998613923431936,1.0,288
97540,547,0.8949071502703365,-15.275092849729624,539.0,1000
98319,548,2.3716088922692027,1.6816088922692023,23.0,779
98416,549,1.7799635357148897,1.7799635357148897,0.0,97
98606,550,3.4136643010579064,2.8736643010579055,18.0,190
98675,551,1.7420279824633118,1.7420279824633118,0.0,69
98825,552,2.1143850725789024,2.084385072578902,1.0,150
98923,553,2.362364054533824,1.732364054533823,21.0,98
98949,554,1.3289097072665152,1.3289097072665152,0.0,26
99029,555,2.702415800947301,2.342415800947301,12.0,80
99111,556,3.063338760273049,2.643338760273049,14.0,82
99663,557,3.1745967990712556,2.0045967990712548,39.0,552
99712,558,1.8937262101845223,1.563726210184522,11.0,49
99820,559,3.402702886179565,3.402702886179565,0.0,108
99870,560,2.053773805550037,1.8137738055500368,8.0,50
100015,561,1.4578517536396967,1.1578517536396964,10.0,145
100057,562,1.5894331400956578,1.5894331400956578,0.0,42
100153,563,1.6205502654481585,1.4705502654481584,5.0,96
100221,564,1.3061737533336502,1.3061737533336502,0.0,68
100370,565,1.7530938352581034,0.40309383525810283,45.0,149
100447,566,2.548904006422746,2.3689040064227456,6.0,77
100727,567,2.615281602657613,2.195281602657613,14.0,280
100899,568,3.1396869255399418,1.8496869255399409,43.0,172
100966,569,2.5963472901514537,2.566347290151454,1.0,67
100991,570,1.2941132108337308,1.2941132108337308,0.0,25
101085,571,1.3984211648869709,1.3984211648869709,0.0,94
102085,572,-0.07281039460963568,-12.40281039460962,411.0,1000
102237,573,2.6184983902575905,2.4984983902575904,4.0,152
102354,574,2.093124614042215,1.1631246140422142,31.0,117
102448,575,1.7048060973189068,1.5848060973189066,4.0,94
102532,576,2.9783649199503373,2.648364919950337,11.0,84
102631,577,3.226903065259628,3.1669030652596275,2.0,99
102678,578,1.6681751647295637,1.6681751647295637,0.0,47
102722,579,1.8986162913426172,1.8986162913426172,0.0,44
102858,580,2.131869870014625,2.131869870014625,0.0,136
103058,581,2.3374614687964756,2.1874614687964753,5.0,200
103484,582,3.1629619522622643,0.5529619522622644,87.0,426
103565,583,2.9259232706234974,2.8059232706234973,4.0,81
104565,584,0.4757926917769023,-16.174207308223075,555.0,1000
104657,585,1.7517906313447722,1.6617906313447723,3.0,92
104789,586,3.3085699186950803,2.94856991869508,12.0,132
104852,587,2.39576101700705,2.39576101700705,0.0,63
105071,588,2.603278948644715,2.543278948644715,2.0,219
105234,589,1.995770937659805,1.995770937659805,0.0,163
105299,590,2.4884605275988285,2.4884605275988285,0.0,65
105388,591,1.3894157226736372,1.3894157226736372,0.0,89
105464,592,2.5340770679078197,2.35407706790782,6.0,76
105575,593,1.517695061749151,1.517695061749151,0.0,111
106009,594,1.6391053507215234,-6.100894649278476,258.0,434
106121,595,2.9618121622115425,2.9318121622115427,1.0,112
106292,596,2.7573961457845364,1.977396145784535,26.0,171
106320,597,1.3746420663929098,1.3746420663929098,0.0,28
106424,598,1.4392760040939567,1.4392760040939567,0.0,104
107424,599,-1.2075389370883611,-1.2075389370883611,0.0,1000
107902,600,3.284767268116993,2.8047672681169926,16.0,478
108067,601,2.942246265638092,2.7322462656380915,7.0,165
108428,602,2.264777883780662,2.264777883780662,0.0,361
108550,603,2.9810760934285256,2.351076093428525,21.0,122
108651,604,2.760604957874559,2.730604957874559,1.0,101
108745,605,1.4179824661213525,0.787982466121352,21.0,94
109745,606,-20.32480914622522,-20.32480914622522,0.0,1000
109872,607,1.8799133660710101,1.21991336607101,22.0,127
110016,608,2.3590317404924503,1.2190317404924502,38.0,144
110068,609,2.161301187105322,2.161301187105322,0.0,52
110120,610,2.035917851572174,1.6759178515721738,12.0,52
111120,611,0.3649459267215227,0.21494592672152257,5.0,1000
112120,612,0.4712168520322011,0.4712168520322011,0.0,1000
112229,613,3.5334541606315693,3.20345416063157,11.0,109
112325,614,2.220530203506761,1.9505302035067604,9.0,96
112421,615,3.4770783898422284,3.1770783898422286,10.0,96
112963,616,2.8502718119405834,1.560271811940583,43.0,542
113088,617,2.3403048511660733,2.2803048511660737,2.0,125
113138,618,1.9073717990525056,1.9073717990525056,0.0,50
113232,619,2.14770546594379,2.14770546594379,0.0,94
113314,620,2.578987300068731,2.578987300068731,0.0,82
113371,621,2.2221384170887024,2.2221384170887024,0.0,57
113495,622,1.5387036789438613,1.5387036789438613,0.0,124
114495,623,0.591888217919148,-14.678111782080798,509.0,1000
114731,624,3.1008862996253304,3.1008862996253304,0.0,236
114964,625,3.141619500620039,2.691619500620039,15.0,233
115040,626,2.5776272006535796,2.5776272006535796,0.0,76
115112,627,2.446648102803004,2.446648102803004,0.0,72
115334,628,1.985966016050086,1.3559660160500857,21.0,222
115371,629,1.5957699986488585,1.5957699986488585,0.0,37
115408,630,1.61948326508829,1.61948326508829,0.0,37
115557,631,2.2063607296305126,2.1763607296305127,1.0,149
115645,632,3.1919371149055795,3.1919371149055795,0.0,88
115687,633,1.8398722641413148,1.8398722641413148,0.0,42
115726,634,1.7130302350041422,1.7130302350041422,0.0,39
115787,635,1.3655135795190338,1.3655135795190338,0.0,61
115812,636,1.2965671984680922,1.2965671984680922,0.0,25
115875,637,1.8435157852485888,1.3335157852485888,17.0,63
115910,638,1.4102841892703768,1.4102841892703768,0.0,35
116006,639,1.2890099700133542,0.7190099700133541,19.0,96
117006,640,0.6668781160591869,-9.593121883940798,342.0,1000
117131,641,2.47880417164595,2.3288041716459498,5.0,125
117215,642,3.2014034645402143,2.8114034645402146,13.0,84
117297,643,1.5737841357010918,1.5737841357010918,0.0,82
117492,644,2.5494348831761453,2.5494348831761453,0.0,195
117543,645,1.8909476544524833,1.8909476544524833,0.0,51
117640,646,3.3820036632362287,3.322003663236229,2.0,97
117808,647,2.713460137541155,2.2934601375411545,14.0,168
117898,648,1.2777709251800446,1.2777709251800446,0.0,90
118062,649,2.6614413821199374,1.491441382119936,39.0,164
118202,650,2.2908576782744596,2.1108576782744595,6.0,140
118278,651,2.299253298142046,2.2092532981420456,3.0,76
118353,652,2.75677488355352,2.75677488355352,0.0,75
118815,653,2.8197228395455562,2.789722839545556,1.0,462
118889,654,1.4071474083399904,1.4071474083399904,0.0,74
119889,655,0.702564533306522,-26.267435466693463,899.0,1000
119972,656,3.046565742446552,2.5965657424465514,15.0,83
120076,657,1.7657810483132408,1.7357810483132408,1.0,104
120201,658,1.7999605470271907,1.7399605470271906,2.0,125
120271,659,1.7507277774440229,1.7507277774440229,0.0,70
120522,660,2.6928428425609927,2.272842842560993,14.0,251
120589,661,1.9204457717394303,1.5904457717394305,11.0,67
120640,662,2.083134277475489,1.8731342774754889,7.0,51
120768,663,3.5695572775374433,3.209557277537443,12.0,128
120822,664,2.154600243349752,2.154600243349752,0.0,54
120875,665,2.064088238431575,2.064088238431575,0.0,53
121148,666,2.7500777944851174,2.7500777944851174,0.0,273
121370,667,3.1303484005870015,2.6803484005870017,15.0,222
121459,668,3.0732080950213465,2.6832080950213464,13.0,89
121569,669,1.9060035869459608,1.756003586945961,5.0,110
121705,670,1.7056906562534209,0.6856906562534204,34.0,136
122705,671,-1.0864922123132694,-2.526492212313269,48.0,1000
122789,672,2.434952467415025,2.314952467415025,4.0,84
122903,673,2.0930021930826754,1.8830021930826755,7.0,114
123213,674,3.0132186105410357,2.4132186105410356,20.0,310
123366,675,2.8793128623264366,2.609312862326437,9.0,153
123463,676,1.3088724634360993,1.3088724634360993,0.0,97
123540,677,2.514586073564892,2.454586073564892,2.0,77
123612,678,2.698991976784334,2.6689919767843335,1.0,72
123681,679,1.4078331421163643,1.4078331421163643,0.0,69
123867,680,3.3791047020220333,3.319104702022033,2.0,186
123986,681,2.0040716472594253,1.014071647259425,33.0,119
124061,682,2.7165287409687724,2.386528740968772,11.0,75
124161,683,1.8659377143236446,1.8359377143236446,1.0,100
124212,684,1.8673894228178793,1.8673894228178793,0.0,51
124250,685,1.695532646628725,1.695532646628725,0.0,38
124371,686,2.0562329575186933,2.0562329575186933,0.0,121
124510,687,2.173446003802905,1.7234460038029045,15.0,139
124963,688,3.114487307221631,2.48448730722163,21.0,453
125045,689,2.4968042919399718,2.4968042919399718,0.0,82
125134,690,3.2758152960596503,3.00581529605965,9.0,89
125217,691,3.1589417626620806,2.7089417626620804,15.0,83
125294,692,2.1399249484521086,2.1099249484521088,1.0,77
125336,693,1.836291706174534,1.836291706174534,0.0,42
125562,694,2.7748360826355176,2.3248360826355174,15.0,226
125714,695,2.5682346028842975,1.6982346028842974,29.0,152
125818,696,1.6765317495325758,1.2265317495325756,15.0,104
126818,697,0.8631107940250539,-6.126889205974944,233.0,1000
127818,698,-0.3016260402964588,-0.3016260402964588,0.0,1000
127884,699,2.60508733187335,2.60508733187335,0.0,66
128024,700,3.2294042418684326,3.1394042418684327,3.0,140
128155,701,2.456596788319491,2.2765967883194906,6.0,131
128283,702,3.444165664854066,2.9641656648540664,16.0,128
128349,703,2.2564897590987214,1.9564897590987211,10.0,66
128401,704,1.35333539751529,1.35333539751529,0.0,52
128491,705,1.5124119368771989,1.4824119368771989,1.0,90
128586,706,3.2161793059882076,3.2161793059882076,0.0,95
128652,707,2.3456153270063136,2.3156153270063133,1.0,66
129652,708,-11.25113189283009,-11.49113189283009,8.0,1000
129810,709,2.267891430447974,1.3078914304479734,32.0,158
129898,710,1.3489629976834614,1.3489629976834614,0.0,88
130106,711,2.6114334902648797,0.09143349026487724,84.0,208
130524,712,3.5797101667323066,0.7597101667323033,94.0,418
130685,713,2.43631667567037,1.6263166756703709,27.0,161
130753,714,2.0717216572117456,2.0717216572117456,0.0,68
130888,715,1.5343845672740093,1.5343845672740093,0.0,135
130989,716,3.027285196429081,3.027285196429081,0.0,101
131696,717,2.3370873746700895,-2.702912625329895,168.0,707
131760,718,1.6668710231457713,1.6668710231457713,0.0,64
131807,719,1.940189459667284,1.940189459667284,0.0,47
131893,720,2.783937471446573,2.693937471446574,3.0,86
131928,721,1.6164817038730208,1.6164817038730208,0.0,35
132086,722,2.105298612107224,0.9052986121072227,40.0,158
132259,723,2.8186019753655067,2.6086019753655068,7.0,173
132358,724,1.7654691042522952,1.3154691042522952,15.0,99
133358,725,-0.04805997601674994,-0.2580599760167499,7.0,1000
133473,726,1.6743755893844368,1.4343755893844363,8.0,115
133664,727,2.904242026729226,0.44424202672922464,82.0,191
133700,728,1.6299402177667295,1.6299402177667295,0.0,36
133868,729,2.556203629651977,2.3162036296519775,8.0,168
134034,730,3.0740737451759412,2.8340737451759415,8.0,166
134103,731,2.5259194983117235,2.5259194983117235,0.0,69
134213,732,3.716230955783164,3.3262309557831626,13.0,110
134354,733,2.5391230019611815,2.4191230019611814,4.0,141
134405,734,1.5779169900288594,1.5779169900288594,0.0,51
134496,735,2.6560774758777637,2.2960774758777633,12.0,91
135099,736,2.825813054359964,1.3558130543599631,49.0,603
135188,737,3.3465332031373016,3.076533203137302,9.0,89
135314,738,2.9764751274460375,2.8564751274460374,4.0,126
136314,739,1.169958556454764,-18.69004144354524,662.0,1000
136417,740,3.040430499760898,2.380430499760898,22.0,103
136463,741,1.9736207597382691,1.6736207597382688,10.0,46
136609,742,3.19275558283379,2.832755582833789,12.0,146
136675,743,2.5942997750451173,2.354299775045118,8.0,66
136775,744,2.9283523974899444,2.9283523974899444,0.0,100
136890,745,1.9566907118724655,1.5366907118724655,14.0,115
136938,746,1.4130135084290845,1.4130135084290845,0.0,48
137001,747,2.2596556746217002,2.2296556746217004,1.0,63
137411,748,3.3566112372327708,2.9666112372327706,13.0,410
137466,749,2.1899025791961026,1.9499025791961024,8.0,55
137576,750,1.4025731315771703,1.4025731315771703,0.0,110
137689,751,2.2792032839207685,1.8592032839207682,14.0,113
137807,752,1.9441623146540115,1.7041623146540115,8.0,118
138043,753,2.5819799536563077,-0.328020046343692,97.0,236
138105,754,1.8071464191521953,1.4171464191521952,13.0,62
138142,755,1.6702018578049547,1.4002018578049544,9.0,37
138200,756,2.223387075101813,2.223387075101813,0.0,58
138231,757,1.443824207990188,1.443824207990188,0.0,31
139231,758,-0.91357884240804,-1.00357884240804,3.0,1000
139413,759,3.465721606925899,2.6857216069258985,26.0,182
139473,760,2.0333586695409265,1.6733586695409262,12.0,60
139556,761,3.1631226930170744,2.803122693017074,12.0,83
139722,762,3.0932269860973753,2.583226986097375,17.0,166
139846,763,1.842660216693933,1.692660216693933,5.0,124
140220,764,3.285447676386838,2.5054476763868365,26.0,374
140286,765,1.3354370096690533,1.3354370096690533,0.0,66
141286,766,-0.8485961583028225,-1.9285961583028233,36.0,1000
141319,767,1.5451817524427538,1.5451817524427538,0.0,33
141421,768,3.267552505984165,3.267552505984165,0.0,102
142421,769,-0.7190372765292916,-0.7190372765292916,0.0,1000
142522,770,1.7105154381424543,1.410515438142454,10.0,101
142578,771,1.4241653049644303,1.3641653049644302,2.0,56
142609,772,1.3098497546560475,1.3098497546560475,0.0,31
142664,773,2.28137366043592,2.01137366043592,9.0,55
142779,774,1.6699917131201267,1.3399917131201264,11.0,115
142909,775,2.048971653771296,1.7489716537712958,10.0,130
142960,776,2.0629400408576464,1.9129400408576462,5.0,51
143119,777,2.533343186020383,2.533343186020383,0.0,159
143232,778,2.560694721410745,2.0506947214107436,17.0,113
143299,779,2.2275645463879874,2.2275645463879874,0.0,67
143415,780,1.6563839218191507,1.6563839218191507,0.0,116
143519,781,3.4773822731225303,3.4773822731225303,0.0,104
143736,782,3.440640030838098,3.1406400308380973,10.0,217
143813,783,2.704529238498126,2.584529238498126,4.0,77
143871,784,2.2461382832638783,2.0661382832638786,6.0,58
144002,785,2.0496166045750566,1.6596166045750564,13.0,131
144109,786,3.249284785847128,2.7692847858471277,16.0,107
144212,787,3.1335414915604938,2.7735414915604935,12.0,103
144246,788,1.5845960063606004,1.5845960063606004,0.0,34
145246,789,0.034823530895471855,0.034823530895471855,0.0,1000
145322,790,2.782588954372972,2.7225889543729718,2.0,76
145357,791,1.613468844213712,1.613468844213712,0.0,35
145411,792,1.8766369069106077,1.4566369069106075,14.0,54
145497,793,1.5267131480456826,1.5267131480456826,0.0,86
145584,794,1.3705997073386866,1.3105997073386866,2.0,87
145618,795,1.4773862174555439,1.4773862174555439,0.0,34
145660,796,1.8093174574388546,1.8093174574388546,0.0,42
145721,797,1.5130567291445685,1.5130567291445685,0.0,61
145834,798,1.9673267526830494,1.6673267526830493,10.0,113
145980,799,2.133168669255858,2.0731686692558577,2.0,146
146071,800,3.162328962967861,2.8923289629678615,9.0,91
146188,801,2.201634514784211,2.201634514784211,0.0,117
146222,802,1.3252922734225865,1.3252922734225865,0.0,34
146296,803,2.6429294137912005,2.5529294137912,3.0,74
147296,804,-18.006712636357815,-18.006712636357815,0.0,1000
147361,805,2.5955177457325807,2.505517745732581,3.0,65
147534,806,2.9112205349140647,2.371220534914065,18.0,173
147629,807,2.017123071902253,2.017123071902253,0.0,95
148333,808,2.150553562540372,-3.009446437459621,172.0,704
148721,809,2.6871529405700763,0.31715294057007437,79.0,388
148754,810,1.5208049387832332,1.5208049387832332,0.0,33
149231,811,1.9715934452102097,-4.3884065547897775,212.0,477
149366,812,2.730627978617467,2.730627978617467,0.0,135
149437,813,2.7479079609467334,2.267907960946734,16.0,71
149471,814,1.5216021141380285,1.5216021141380285,0.0,34
149527,815,2.12337339394048,2.12337339394048,0.0,56
149933,816,1.8017486413585102,-3.5082513586414845,177.0,406
149976,817,1.8149186344750539,1.8149186344750539,0.0,43
